<?xml version="1.0" encoding="UTF-8"?>
<!DOCTYPE mapper PUBLIC "-//mybatis.org//DTD Mapper 3.0//EN" "http://mybatis.org/dtd/mybatis-3-mapper.dtd">
<mapper namespace="com.lm.lawmaster.dao.CategoriesDao">

    <resultMap type="com.lm.lawmaster.entity.Categories" id="CategoriesMap">
        <result property="id" column="id" jdbcType="INTEGER"/>
        <result property="name" column="name" jdbcType="VARCHAR"/>
        <result property="description" column="description" jdbcType="VARCHAR"/>
    </resultMap>

    <!--查询单个-->
    <select id="queryById" resultMap="CategoriesMap">
        select id,
               name,
               description
        from categories
        where id = #{id}
    </select>

    <!--查询指定行数据-->
    <select id="queryAllByLimit" resultMap="CategoriesMap">
        select
        id, name, description
        from categories
        <where>
            <if test="id != null">
                and id = #{id}
            </if>
            <if test="name != null and name != ''">
                and name = #{name}
            </if>
            <if test="description != null and description != ''">
                and description = #{description}
            </if>
        </where>
        limit #{pageable.offset}, #{pageable.pageSize}
    </select>

    <!--统计总行数-->
    <select id="count" resultType="java.lang.Long">
        select count(1)
        from categories
        <where>
            <if test="id != null">
                and id = #{id}
            </if>
            <if test="name != null and name != ''">
                and name = #{name}
            </if>
            <if test="description != null and description != ''">
                and description = #{description}
            </if>
        </where>
    </select>

    <!--新增所有列-->
    <insert id="insert" keyProperty="id" useGeneratedKeys="true">
        insert into categories(name, description)
        values (#{name}, #{description})
    </insert>

    <insert id="insertBatch" keyProperty="id" useGeneratedKeys="true">
        insert into categories(name, description)
        values
        <foreach collection="entities" item="entity" separator=",">
            (#{entity.name}, #{entity.description})
        </foreach>
    </insert>

    <insert id="insertOrUpdateBatch" keyProperty="id" useGeneratedKeys="true">
        insert into categories(name, description)
        values
        <foreach collection="entities" item="entity" separator=",">
            (#{entity.name}, #{entity.description})
        </foreach>
        on duplicate key update
        name = values(name),
        description = values(description)
    </insert>

    <!--通过主键修改数据-->
    <update id="update">
        update categories
        <set>
            <if test="name != null and name != ''">
                name = #{name},
            </if>
            <if test="description != null and description != ''">
                description = #{description},
            </if>
        </set>
        where id = #{id}
    </update>

    <!--通过主键删除-->
    <delete id="deleteById">
        delete
        from categories
        where id = #{id}
    </delete>
    <select id="queryAll" resultMap="CategoriesMap">
        select
        id, name, description
        from categories
    </select>

</mapper>

