<?xml version="1.0" encoding="UTF-8"?>
<!DOCTYPE mapper PUBLIC "-//mybatis.org//DTD Mapper 3.0//EN" "http://mybatis.org/dtd/mybatis-3-mapper.dtd">
<mapper namespace="com.lm.lawmaster.dao.CommentsDao">

    <resultMap type="com.lm.lawmaster.entity.Comments" id="CommentsMap">
        <result property="id" column="id" jdbcType="INTEGER"/>
        <result property="postId" column="post_id" jdbcType="INTEGER"/>
        <result property="userId" column="user_id" jdbcType="INTEGER"/>
        <result property="content" column="content" jdbcType="VARCHAR"/>
        <result property="likes" column="likes" jdbcType="INTEGER"/>
        <result property="createdAt" column="created_at" jdbcType="TIMESTAMP"/>
        <result property="updatedAt" column="updated_at" jdbcType="TIMESTAMP"/>
    </resultMap>

    <!--查询单个-->
    <select id="queryById" resultMap="CommentsMap">
        select id,
               post_id,
               user_id,
               content,
               likes,
               created_at,
               updated_at
        from comments
        where id = #{id}
    </select>

    <!--查询指定行数据-->
    <select id="queryAllByLimit" resultMap="CommentsMap">
        select
        id, post_id, user_id, content, likes, created_at, updated_at
        from comments
        <where>
            <if test="id != null">
                and id = #{id}
            </if>
            <if test="postId != null">
                and post_id = #{postId}
            </if>
            <if test="userId != null">
                and user_id = #{userId}
            </if>
            <if test="content != null and content != ''">
                and content = #{content}
            </if>
            <if test="likes != null">
                and likes = #{likes}
            </if>
            <if test="createdAt != null">
                and created_at = #{createdAt}
            </if>
            <if test="updatedAt != null">
                and updated_at = #{updatedAt}
            </if>
        </where>
        limit #{pageable.offset}, #{pageable.pageSize}
    </select>

    <!--统计总行数-->
    <select id="count" resultType="java.lang.Long">
        select count(1)
        from comments
        <where>
            <if test="id != null">
                and id = #{id}
            </if>
            <if test="postId != null">
                and post_id = #{postId}
            </if>
            <if test="userId != null">
                and user_id = #{userId}
            </if>
            <if test="content != null and content != ''">
                and content = #{content}
            </if>
            <if test="likes != null">
                and likes = #{likes}
            </if>
            <if test="createdAt != null">
                and created_at = #{createdAt}
            </if>
            <if test="updatedAt != null">
                and updated_at = #{updatedAt}
            </if>
        </where>
    </select>

    <!--新增所有列-->
    <insert id="insert" keyProperty="id" useGeneratedKeys="true">
        insert into comments(post_id, user_id, content, likes, created_at, updated_at)
        values (#{postId}, #{userId}, #{content}, #{likes}, #{createdAt}, #{updatedAt})
    </insert>

    <insert id="insertBatch" keyProperty="id" useGeneratedKeys="true">
        insert into comments(post_id, user_id, content, likes, created_at, updated_at)
        values
        <foreach collection="entities" item="entity" separator=",">
            (#{entity.postId}, #{entity.userId}, #{entity.content}, #{entity.likes}, #{entity.createdAt},
            #{entity.updatedAt})
        </foreach>
    </insert>

    <insert id="insertOrUpdateBatch" keyProperty="id" useGeneratedKeys="true">
        insert into comments(post_id, user_id, content, likes, created_at, updated_at)
        values
        <foreach collection="entities" item="entity" separator=",">
            (#{entity.postId}, #{entity.userId}, #{entity.content}, #{entity.likes}, #{entity.createdAt},
            #{entity.updatedAt})
        </foreach>
        on duplicate key update
        post_id = values(post_id),
        user_id = values(user_id),
        content = values(content),
        likes = values(likes),
        created_at = values(created_at),
        updated_at = values(updated_at)
    </insert>

    <!--通过主键修改数据-->
    <update id="update">
        update comments
        <set>
            <if test="postId != null">
                post_id = #{postId},
            </if>
            <if test="userId != null">
                user_id = #{userId},
            </if>
            <if test="content != null and content != ''">
                content = #{content},
            </if>
            <if test="likes != null">
                likes = #{likes},
            </if>
            <if test="createdAt != null">
                created_at = #{createdAt},
            </if>
            <if test="updatedAt != null">
                updated_at = #{updatedAt},
            </if>
        </set>
        where id = #{id}
    </update>

    <!--通过主键删除-->
    <delete id="deleteById">
        delete
        from comments
        where id = #{id}
    </delete>


    <select id="queryByPostId" resultMap="CommentsMap">
        select id, post_id, user_id, content, likes, created_at, updated_at
        from comments
        where post_id = #{postId}
    </select>

</mapper>

