<?xml version="1.0" encoding="UTF-8"?>
<!DOCTYPE mapper PUBLIC "-//mybatis.org//DTD Mapper 3.0//EN" "http://mybatis.org/dtd/mybatis-3-mapper.dtd">
<mapper namespace="com.lm.lawmaster.dao.FollowsDao">

    <resultMap type="com.lm.lawmaster.entity.Follows" id="FollowsMap">
        <result property="id" column="id" jdbcType="INTEGER"/>
        <result property="followerId" column="follower_id" jdbcType="INTEGER"/>
        <result property="followedId" column="followed_id" jdbcType="INTEGER"/>
        <result property="createdAt" column="created_at" jdbcType="TIMESTAMP"/>
    </resultMap>

    <!--查询单个-->
    <select id="queryById" resultMap="FollowsMap">
        select id,
               follower_id,
               followed_id,
               created_at
        from follows
        where id = #{id}
    </select>

    <!--查询指定行数据-->
    <select id="queryAllByLimit" resultMap="FollowsMap">
        select
        id, follower_id, followed_id, created_at
        from follows
        <where>
            <if test="id != null">
                and id = #{id}
            </if>
            <if test="followerId != null">
                and follower_id = #{followerId}
            </if>
            <if test="followedId != null">
                and followed_id = #{followedId}
            </if>
            <if test="createdAt != null">
                and created_at = #{createdAt}
            </if>
        </where>
        limit #{pageable.offset}, #{pageable.pageSize}
    </select>

    <!--统计总行数-->
    <select id="count" resultType="java.lang.Long">
        select count(1)
        from follows
        <where>
            <if test="id != null">
                and id = #{id}
            </if>
            <if test="followerId != null">
                and follower_id = #{followerId}
            </if>
            <if test="followedId != null">
                and followed_id = #{followedId}
            </if>
            <if test="createdAt != null">
                and created_at = #{createdAt}
            </if>
        </where>
    </select>

    <!--新增所有列-->
    <insert id="insert" keyProperty="id" useGeneratedKeys="true">
        insert into follows(follower_id, followed_id, created_at)
        values (#{followerId}, #{followedId}, #{createdAt})
    </insert>

    <insert id="insertBatch" keyProperty="id" useGeneratedKeys="true">
        insert into follows(follower_id, followed_id, created_at)
        values
        <foreach collection="entities" item="entity" separator=",">
            (#{entity.followerId}, #{entity.followedId}, #{entity.createdAt})
        </foreach>
    </insert>

    <insert id="insertOrUpdateBatch" keyProperty="id" useGeneratedKeys="true">
        insert into follows(follower_id, followed_id, created_at)
        values
        <foreach collection="entities" item="entity" separator=",">
            (#{entity.followerId}, #{entity.followedId}, #{entity.createdAt})
        </foreach>
        on duplicate key update
        follower_id = values(follower_id),
        followed_id = values(followed_id),
        created_at = values(created_at)
    </insert>

    <!--通过主键修改数据-->
    <update id="update">
        update follows
        <set>
            <if test="followerId != null">
                follower_id = #{followerId},
            </if>
            <if test="followedId != null">
                followed_id = #{followedId},
            </if>
            <if test="createdAt != null">
                created_at = #{createdAt},
            </if>
        </set>
        where id = #{id}
    </update>

    <!--通过主键删除-->
    <delete id="deleteById">
        delete
        from follows
        where id = #{id}
    </delete>

</mapper>

