<?xml version="1.0" encoding="UTF-8"?>
<!DOCTYPE mapper PUBLIC "-//mybatis.org//DTD Mapper 3.0//EN" "http://mybatis.org/dtd/mybatis-3-mapper.dtd">
<mapper namespace="com.lm.lawmaster.dao.UsersDao">

    <resultMap type="com.lm.lawmaster.entity.Users" id="UsersMap">
        <result property="id" column="id" jdbcType="INTEGER"/>
        <result property="username" column="username" jdbcType="VARCHAR"/>
        <result property="password" column="password" jdbcType="VARCHAR"/>
        <result property="nickname" column="nickname" jdbcType="VARCHAR"/>
        <result property="avatar" column="avatar" jdbcType="VARCHAR"/>
        <result property="role" column="role" jdbcType="VARCHAR"/>
        <result property="createdAt" column="created_at" jdbcType="TIMESTAMP"/>
        <result property="updatedAt" column="updated_at" jdbcType="TIMESTAMP"/>
    </resultMap>

    <!--查询单个-->
    <select id="queryById" resultMap="UsersMap">
        select id,
               username,
               password,
               nickname,
               avatar,
               role,
               created_at,
               updated_at
        from users
        where id = #{id}
    </select>

    <!--查询指定行数据-->
    <select id="queryAllByLimit" resultMap="UsersMap">
        select
        id, username, password, nickname, avatar, role, created_at, updated_at
        from users
        <where>
            <if test="id != null">
                and id = #{id}
            </if>
            <if test="username != null and username != ''">
                and username = #{username}
            </if>
            <if test="password != null and password != ''">
                and password = #{password}
            </if>
            <if test="nickname != null and nickname != ''">
                and nickname = #{nickname}
            </if>
            <if test="avatar != null and avatar != ''">
                and avatar = #{avatar}
            </if>
            <if test="role != null and role != ''">
                and role = #{role}
            </if>
            <if test="createdAt != null">
                and created_at = #{createdAt}
            </if>
            <if test="updatedAt != null">
                and updated_at = #{updatedAt}
            </if>
        </where>
        limit #{pageable.offset}, #{pageable.pageSize}
    </select>

    <!--统计总行数-->
    <select id="count" resultType="java.lang.Long">
        select count(1)
        from users
        <where>
            <if test="id != null">
                and id = #{id}
            </if>
            <if test="username != null and username != ''">
                and username = #{username}
            </if>
            <if test="password != null and password != ''">
                and password = #{password}
            </if>
            <if test="nickname != null and nickname != ''">
                and nickname = #{nickname}
            </if>
            <if test="avatar != null and avatar != ''">
                and avatar = #{avatar}
            </if>
            <if test="role != null and role != ''">
                and role = #{role}
            </if>
            <if test="createdAt != null">
                and created_at = #{createdAt}
            </if>
            <if test="updatedAt != null">
                and updated_at = #{updatedAt}
            </if>
        </where>
    </select>

    <!--新增所有列-->
    <insert id="insert" keyProperty="id" useGeneratedKeys="true">
        insert into users(username, password, nickname, avatar, role, created_at, updated_at)
        values (#{username}, #{password}, #{nickname}, #{avatar}, #{role}, #{createdAt}, #{updatedAt})
    </insert>

    <insert id="insertBatch" keyProperty="id" useGeneratedKeys="true">
        insert into users(username, password, nickname, avatar, role, created_at, updated_at)
        values
        <foreach collection="entities" item="entity" separator=",">
            (#{entity.username}, #{entity.password}, #{entity.nickname}, #{entity.avatar}, #{entity.role},
            #{entity.createdAt}, #{entity.updatedAt})
        </foreach>
    </insert>

    <insert id="insertOrUpdateBatch" keyProperty="id" useGeneratedKeys="true">
        insert into users(username, password, nickname, avatar, role, created_at, updated_at)
        values
        <foreach collection="entities" item="entity" separator=",">
            (#{entity.username}, #{entity.password}, #{entity.nickname}, #{entity.avatar}, #{entity.role},
            #{entity.createdAt}, #{entity.updatedAt})
        </foreach>
        on duplicate key update
        username = values(username),
        password = values(password),
        nickname = values(nickname),
        avatar = values(avatar),
        role = values(role),
        created_at = values(created_at),
        updated_at = values(updated_at)
    </insert>

    <!--通过主键修改数据-->
    <update id="update">
        update users
        <set>
            <if test="username != null and username != ''">
                username = #{username},
            </if>
            <if test="password != null and password != ''">
                password = #{password},
            </if>
            <if test="nickname != null and nickname != ''">
                nickname = #{nickname},
            </if>
            <if test="avatar != null and avatar != ''">
                avatar = #{avatar},
            </if>
            <if test="role != null and role != ''">
                role = #{role},
            </if>
            <if test="createdAt != null">
                created_at = #{createdAt},
            </if>
            <if test="updatedAt != null">
                updated_at = #{updatedAt},
            </if>
        </set>
        where id = #{id}
    </update>

    <!--通过主键删除-->
    <delete id="deleteById">
        delete
        from users
        where id = #{id}
    </delete>

    <!--通过用户名查询单条数据-->
    <select id="findByUsername" resultMap="UsersMap">
        select id,
               username,
               password,
               nickname,
               avatar,
               role,
               created_at,
               updated_at
        from users
        where username = #{username}
    </select>

</mapper>

