{
	"easycom": {
		"autoscan": true,
		"custom": {
			"^uni-(.*)": "@dcloudio/uni-ui/lib/uni-$1/uni-$1.vue"
		}
	},
	"pages": [
		
		{
			"path": "pages/login/login",
			"style": {
				"navigationBarTitleText": "登录",
				"navigationStyle": "custom"
			}
		},
		{
			"path": "pages/index/index",
			"style": {
				"navigationBarTitleText": "首页",
				"enablePullDownRefresh": true
			}
		},
		{
			"path": "pages/profile/profile",
			"style": {
				"navigationBarTitleText": "",
				"enablePullDownRefresh": true
			}
		},	
		{
			"path": "pages/profile/edit",
			"style": {
				"navigationBarTitleText": "",
				"enablePullDownRefresh": true
			}
		},
		{
			"path": "pages/community/community",
			"style": {
				"navigationBarTitleText": "社区",
				"enablePullDownRefresh": true
			}
		},
		{
			"path": "pages/community/post-detail",
			"style": {
				"navigationBarTitleText": "帖子详情"
			}
		},
		{
			"path": "pages/quiz/quiz",
			"style": {
				"navigationBarTitleText": "答题",
				"enablePullDownRefresh": true
			}
		},
		{
			"path": "pages/quiz/daily-quiz",
			"style": {
				"navigationBarTitleText": "每日答题"
			}
		},
		{
			"path": "pages/quiz/special-quiz",
			"style": {
				"navigationBarTitleText": "专项答题"
			}
		},
		{
			"path": "pages/profile/my-collections",
			"style": {
				"navigationBarTitleText": "我的收藏"
			}
		},
		{
			"path": "pages/profile/my-likes",
			"style": {
				"navigationBarTitleText": "我的点赞"
			}
		}

	],
	"tabBar": {
		"color": "#999999",
		"selectedColor": "#007AFF",
		"backgroundColor": "#FFFFFF",
		"borderStyle": "black",
		"list": [
			{
				"pagePath": "pages/index/index",
				"text": "首页",
				"iconPath": "static/tabbar/home.png",
				"selectedIconPath": "static/tabbar/home.png"
			},
			{
				"pagePath": "pages/community/community",
				"text": "社区",
				"iconPath": "static/tabbar/binoculars.png",
				"selectedIconPath": "static/tabbar/binoculars.png"
			},
			{
				"pagePath": "pages/quiz/quiz",
				"text": "答题",
				"iconPath": "static/tabbar/file-text.png",
				"selectedIconPath": "static/tabbar/file-text.png"
			},
			{
				"pagePath": "pages/profile/profile",
				"text": "我的",
				"iconPath": "static/tabbar/user.png",
				"selectedIconPath": "static/tabbar/user.png"
			}
		]
	},
	"globalStyle": {
		"navigationBarTextStyle": "black",
		"navigationBarTitleText": "法律学习平台",
		"navigationBarBackgroundColor": "#FFFFFF",
		"backgroundColor": "#F8F8F8"
	}
}
